year,country,impact
1948,USA,0.05655380393578934
1948,GBR,0.041198720081409616
1948,CAN,0.050861821712069606
1948,FRA,0.023668599050201414
1948,IND,0.023953965797566125
1948,ARG,0.02307295216360565
1948,AUS,0.02748771453286004
1948,DEU,0.026640304405718702
1948,NLD,0.013041719360933696
1948,ITA,0.017252161328485626
1948,BRA,0.028559982004013756
1948,SWE,0.012701652135339853
1948,VEN,0.025987688833061257
1948,CHE,0.00746782982231155
1948,ZAF,0.019311435889113965
1948,CUB,0.024925179126441294
1948,MEX,0.0263695967234827
1948,EGY,0.008204595216819778
1948,DNK,0.007472311594485725
1948,NOR,0.0018445427338782726
1948,PAK,0.011495378437946487
1948,PHL,0.021983203932686126
1948,NZL,0.016984823121773397
1948,DZA,0.012229025570990188
1948,ANT,0.012170996525103775
1948,IRN,0.009129829435189885
1948,JPN,0.012873736367077473
1948,IRL,0.014791086409070604
1948,FIN,0.0017369107159595704
1948,POL,-0.007152798285383587
1949,USA,0.05640897946999266
1949,GBR,0.043967356177246106
1949,CAN,0.05173508340305244
1949,FRA,0.022938701160854502
1949,DEU,0.026827097107475047
1949,IND,0.023559244786655806
1949,AUS,0.03092580035113176
1949,NLD,0.015531976524830985
1949,ITA,0.017662450468797494
1949,BRA,0.02782634632752279
1949,SWE,0.011909423028952416
1949,CHE,0.006041917349258623
1949,DNK,0.015582475168264383
1949,JPN,0.019145628700747885
1949,CUB,0.024258628099567164
1949,MEX,0.026062561082890987
1949,ZAF,0.01570541228473609
1949,NZL,0.02000414636978694
1949,NOR,0.005093995662108409
1949,EGY,0.004779408304999176
1949,ARG,0.0020315879603902765
1949,PHL,0.021138934966340134
1949,DZA,0.011688297781748439
1949,IDN,0.004547397100629067
1949,HKG,0.0014101564948739286
1949,VEN,0.018104352703450722
1949,PAK,0.0017395077826380461
1949,IRL,0.016086648236592383
1949,AUT,6.95336190236328e-05
1949,FIN,0.0010554319063528685
1950,USA,0.059570645297342906
1950,GBR,0.041856789845788944
1950,CAN,0.05359842831354491
1950,FRA,0.0262304964797347
1950,DEU,0.02337601358707055
1950,NLD,0.01756598762070109
1950,AUS,0.030145787291846925
1950,ITA,0.0165873314156691
1950,BRA,0.03149301810879258
1950,IND,0.020559863582929935
1950,SWE,0.013385946893584431
1950,CHE,0.008323116472664377
1950,JPN,0.021641934209223467
1950,DNK,0.015661591450732933
1950,CUB,0.02714264473486092
1950,MEX,0.029277670260982838
1950,NOR,0.005001143071924828
1950,EGY,0.005559574078254884
1950,HKG,0.001979529708089116
1950,NZL,0.01892869501259508
1950,PAK,0.0026677225943450658
1950,IDN,0.005882639148879701
1950,COL,0.020443883690985157
1950,ZAF,0.011150025727916837
1950,DZA,0.013524488064398817
1950,ARG,-2.068227726258065e-05
1950,PHL,0.018094123880458574
1950,IRL,0.014467684442650515
1950,AUT,-0.0020643941891040165
1950,VEN,0.014821219186140488
1951,USA,0.067421875886428
1951,GBR,0.045133779946124324
1951,CAN,0.06144060870636939
1951,FRA,0.03272259587635176
1951,DEU,0.0269791361612604
1951,NLD,0.02087715315980333
1951,AUS,0.03161862707902817
1951,ITA,0.022360575037521833
1951,BRA,0.03715940140880265
1951,IND,0.027738792299767563
1951,SWE,0.01976576564405505
1951,JPN,0.025558276631743017
1951,VEN,0.028276617237221115
1951,CHE,0.011911730837164526
1951,DNK,0.01606608695233827
1951,MEX,0.03196645208896922
1951,CUB,0.02872100657381896
1951,IDN,0.013933003192449427
1951,NOR,0.009706560377785656
1951,PAK,0.005827175634713863
1951,NZL,0.021327033961823
1951,FIN,0.010592722413786615
1951,EGY,0.005664931936976454
1951,ZAF,0.015420778074048304
1951,ARG,0.007022373598847332
1951,HKG,0.0008567218863369601
1951,DZA,0.01740477568977931
1951,PHL,0.021364755191518658
1951,AUT,0.0014608656329949162
1951,COL,0.020877047954673995
1952,USA,0.06041791825538681
1952,GBR,0.03880389425543376
1952,CAN,0.0544796027107206
1952,DEU,0.02251705258663493
1952,FRA,0.03036426035414924
1952,NLD,0.019347658296094247
1952,ITA,0.02045816413314203
1952,BRA,0.029930973779716423
1952,AUS,0.024478797236671766
1952,SWE,0.012960659201082952
1952,JPN,0.023121366464413845
1952,IND,0.01974411818303688
1952,VEN,0.02656894634283555
1952,CHE,0.007512917841957607
1952,DNK,0.012226405750497694
1952,MEX,0.027633742919484543
1952,ARG,0.006861630729746652
1952,CUB,0.02419346706319414
1952,NOR,0.004274849232623147
1952,IDN,0.00944459533522298
1952,NZL,0.017701025021255146
1952,FIN,0.003214220919059422
1952,PAK,0.0015063966948658744
1952,DZA,0.014877775708936948
1952,TUR,0.004027438394222706
1952,ZAF,0.009114371282894301
1952,AUT,0.00017695447446798495
1952,COL,0.017344568833890257
1952,EGY,-0.005363073441661509
1952,CHL,0.010389926897734818
1953,USA,0.0606044524063189
1953,GBR,0.039693504883345415
1953,CAN,0.054833844016547
1953,DEU,0.022181138208458292
1953,FRA,0.03314097661014476
1953,NLD,0.019192508766222523
1953,ITA,0.02248175380460947
1953,AUS,0.025752991099849947
1953,JPN,0.023815422777292764
1953,BRA,0.027018888253446966
1953,SWE,0.014187293414056
1953,VEN,0.027105228682075534
1953,CHE,0.008486803882533308
1953,IND,0.015606208976254393
1953,ARG,0.00672301249357045
1953,DNK,0.014523831516781455
1953,NOR,0.004768722436641799
1953,MEX,0.025591978894030438
1953,CUB,0.02205743989470296
1953,IDN,0.005210015592594051
1953,NZL,0.017366627899285742
1953,COL,0.02108565552679157
1953,ZAF,0.01062666224648569
1953,ESP,-0.0036092651697607367
1953,DZA,0.014947016778461733
1953,TUR,0.005435692537426289
1953,AUT,0.0008222096648619887
1953,PHL,0.018508277797780803
1953,EGY,-0.006776770573908886
1953,IRL,0.013822419835730203
1954,USA,0.06067025846566516
1954,GBR,0.040702430680160544
1954,DEU,0.027831994092810477
1954,CAN,0.05452524556926119
1954,FRA,0.028289061479199958
1954,NLD,0.02439504890415062
1954,ITA,0.01941569851306231
1954,JPN,0.025554192850463765
1954,AUS,0.02684869604800144
1954,BRA,0.02727280832022778
1954,SWE,0.01608952744485179
1954,VEN,0.02968626420099243
1954,CHE,0.00859806250852071
1954,IND,0.017386930962268506
1954,DNK,0.015224880924946806
1954,ARG,0.005342324310363358
1954,NOR,0.005963301140558691
1954,MEX,0.02610916126931906
1954,COL,0.02372190787325389
1954,NZL,0.019462074893358213
1954,CUB,0.022297230090899872
1954,IDN,0.002513573465918315
1954,AUT,0.006334639851207671
1954,ZAF,0.010856689691303895
1954,DZA,0.014387681156813648
1954,ESP,0.00031826246525543876
1954,FIN,0.002546634646828683
1954,PHL,0.0172280405821042
1954,TUR,0.007197218004261999
1954,ANT,0.012741709885717616
1955,USA,0.06076933918034619
1955,GBR,0.042155217406176
1955,DEU,0.03213222319854139
1955,CAN,0.054696670091729085
1955,FRA,0.02653446599857262
1955,NLD,0.025184055942569485
1955,ITA,0.018879554417812007
1955,JPN,0.02723754516199226
1955,SWE,0.01786365561665707
1955,AUS,0.027124414342194685
1955,VEN,0.030146420230855266
1955,CHE,0.011040656327562105
1955,IND,0.017781389049851066
1955,BRA,0.02293338247706697
1955,DNK,0.014768500752797347
1955,ARG,0.005731117600051579
1955,NOR,0.007533678814884626
1955,MEX,0.027775440938171816
1955,AUT,0.010131408221582329
1955,NZL,0.020396638115418367
1955,IDN,0.003605921344265066
1955,FIN,0.0057819540523497
1955,CUB,0.022684704004578407
1955,COL,0.021110509939456668
1955,ZAF,0.011861031874797527
1955,DZA,0.01514501948216394
1955,ESP,0.0028271973980415104
1955,PHL,0.01709580893165737
1955,EGY,-0.005946071107007121
1955,ANT,0.01275736716315136
1956,USA,0.0630530072726833
1956,GBR,0.039711685801333815
1956,DEU,0.03569961878999441
1956,CAN,0.05665949161523665
1956,FRA,0.028325989603651295
1956,NLD,0.024741438437380154
1956,ITA,0.022084762316737262
1956,JPN,0.03074823425311369
1956,SWE,0.01661670032611697
1956,VEN,0.031050218211506678
1956,AUS,0.022757588660115517
1956,CHE,0.012576662970159086
1956,IND,0.01772850386240584
1956,BRA,0.024252669795668
1956,DNK,0.012837985421370799
1956,MEX,0.02819024162720264
1956,NOR,0.006232173714576035
1956,ARG,0.00610139095956113
1956,AUT,0.010180225474233034
1956,IDN,0.0038786574068885534
1956,NZL,0.017666999593235602
1956,CUB,0.022577852253282238
1956,ESP,0.008662061197497116
1956,FIN,0.0032561065408506736
1956,DZA,0.014662281565550847
1956,ZAF,0.00851777395071959
1956,COL,0.018899723820796764
1956,PHL,0.014704763822304952
1956,HKG,-0.002571335966044184
1956,CHL,0.008894089526755614
1957,USA,0.06536119132279909
1957,GBR,0.040715209293439726
1957,DEU,0.041167838623565454
1957,CAN,0.057689468474190965
1957,FRA,0.02756997465625394
1957,NLD,0.024188428211043535
1957,ITA,0.023861748563031318
1957,JPN,0.03442634686153558
1957,VEN,0.036029396196510126
1957,SWE,0.018708988882408982
1957,AUS,0.022792768692225414
1957,CHE,0.015349696969544245
1957,IND,0.01977296188476654
1957,BRA,0.025709788470422962
1957,DNK,0.012742195616776456
1957,ARG,0.00850207614155384
1957,NOR,0.006483144183122978
1957,MEX,0.028373323997980322
1957,CUB,0.024569891477655835
1957,NZL,0.017288980083202413
1957,DZA,0.01631058703672258
1957,ZAF,0.009833171085544892
1957,ESP,0.0039020110592307834
1957,IDN,0.002334985577813712
1957,FIN,0.0027243794671497636
1957,PHL,0.014954322280415882
1957,COL,0.014799836045380458
1957,POL,-0.006841997310776582
1957,CHL,0.008067141374563314
1957,AUT,0.0075105709330734885
1958,USA,0.06143625472190027
1958,GBR,0.041291180453878036
1958,DEU,0.0403256226979321
1958,CAN,0.05505791301140679
1958,FRA,0.03048869136896241
1958,NLD,0.027009244808544663
1958,ITA,0.0248099272282986
1958,JPN,0.033860537874985205
1958,SWE,0.02216786117393254
1958,VEN,0.03494125464893518
1958,AUS,0.024832988556246598
1958,CHE,0.0188011830828532
1958,IND,0.020315038097112163
1958,BRA,0.027401464792279225
1958,DNK,0.01707306261248032
1958,ARG,0.01242680403018664
1958,NOR,0.011073856168404133
1958,MEX,0.030430284058455964
1958,DZA,0.021552625498051235
1958,NZL,0.019510908981847336
1958,ZAF,0.015384068176445278
1958,ESP,0.009204848529953876
1958,FIN,0.006601303750185103
1958,PHL,0.01801399576359185
1958,AUT,0.01242723498471629
1958,COL,0.016180316631208867
1958,IRL,0.016921829692881477
1958,IRQ,0.000986901881736163
1958,GRC,0.005530943489459778
1958,TUR,0.012161971943306727
1959,USA,0.06375335660949376
1959,GBR,0.04387768538783056
1959,DEU,0.043678607148915305
1959,CAN,0.05703539298479669
1959,FRA,0.03186310390240285
1959,NLD,0.02945845291114691
1959,JPN,0.037274456948792306
1959,ITA,0.02623783262225569
1959,SWE,0.022613451545333292
1959,VEN,0.03461013440897773
1959,AUS,0.025197620197614897
1959,CHE,0.020895521835380314
1959,IND,0.021072572186850973
1959,DNK,0.018920238618991357
1959,BRA,0.025895101913251475
1959,NOR,0.011011165749732647
1959,ARG,0.011033092639700648
1959,MEX,0.028209075764451287
1959,DZA,0.02086727628915066
1959,NZL,0.019244939316423643
1959,FIN,0.007985562453112627
1959,ZAF,0.012764317392642745
1959,ESP,0.007011621775684001
1959,PHL,0.017396949248897578
1959,AUT,0.013095488865351603
1959,CHL,0.010066762493103867
1959,IRL,0.016393698118133584
1959,TUR,0.007235855439198766
1959,COL,0.016271966421816213
1959,NGA,0.012716476129743748
1960,USA,0.059209531723574925
1960,GBR,0.04158322380565714
1960,DEU,0.044495271160505674
1960,CAN,0.051929237618690956
1960,FRA,0.032602278653502716
1960,NLD,0.029949319231731844
1960,ITA,0.028120805016425002
1960,JPN,0.03717644114472476
1960,SWE,0.023082069668045328
1960,AUS,0.024225829911870563
1960,CHE,0.022360977550031795
1960,VEN,0.031276937670726236
1960,IND,0.02215202426097701
1960,DNK,0.01805152201026185
1960,BRA,0.023859916025029092
1960,ARG,0.012703155943686607
1960,AUT,0.02005345955236644
1960,NOR,0.011563644882221462
1960,MEX,0.02708280137209655
1960,DZA,0.02134652987056428
1960,FIN,0.009913943438138412
1960,NZL,0.018378882643372414
1960,ESP,0.007590051235722484
1960,ZAF,0.01208053468449407
1960,HKG,0.006157824337973341
1960,PHL,0.01585857738740131
1960,IDN,0.008391883023744948
1960,CHL,0.010747460226434847
1960,PAK,0.0036919255531354606
1960,IRL,0.016040300762178265
1961,USA,0.058139106207432394
1961,DEU,0.04580309129939567
1961,GBR,0.0384853864953582
1961,FRA,0.03312594256777494
1961,CAN,0.051039848131035834
1961,ITA,0.03051442487077708
1961,JPN,0.038131320043471376
1961,NLD,0.031592319467953385
1961,SWE,0.023750270631827566
1961,CHE,0.024348036377506144
1961,AUS,0.02067794325964048
1961,VEN,0.028719683432234407
1961,DNK,0.018211397607791342
1961,IND,0.019805204106254522
1961,BRA,0.024195801265608188
1961,NOR,0.012210265111923866
1961,ARG,0.01392316154510108
1961,AUT,0.02130222103444639
1961,MEX,0.02679069333100092
1961,ESP,0.009805448299256229
1961,FIN,0.00998730991798096
1961,NZL,0.016887357487474667
1961,HKG,0.005837723218555531
1961,IDN,0.009749882895049486
1961,DZA,0.01943761454719004
1961,ZAF,0.010999897206379906
1961,PHL,0.016111533244073425
1961,CHN,0.00018822109838757345
1961,IRL,0.01713573908641371
1961,CHL,0.01133306253520065
1962,USA,0.058922375493156334
1962,DEU,0.04781465166931686
1962,GBR,0.037936641798390056
1962,FRA,0.03433147106330995
1962,CAN,0.051941354946891644
1962,ITA,0.03190618747460466
1962,NLD,0.03281525122943094
1962,JPN,0.0381707648493036
1962,SWE,0.02394874435667008
1962,CHE,0.025536913210417896
1962,AUS,0.020771771549157606
1962,VEN,0.027455232701559716
1962,DNK,0.018975364881215217
1962,IND,0.021238244110509525
1962,NOR,0.011561536660378948
1962,ARG,0.012670238961698468
1962,AUT,0.021816282612590564
1962,BRA,0.021487157856400943
1962,ESP,0.009188772506966711
1962,MEX,0.026943199399708337
1962,FIN,0.009732098906319722
1962,HKG,0.006877984491238856
1962,NZL,0.01552126684145305
1962,ZAF,0.010611359040755535
1962,PHL,0.014700850489715705
1962,IDN,0.004400761535419294
1962,IRL,0.01654215813367328
1962,PAK,0.007980041581853748
1962,CHL,0.00957550007797731
1962,TUR,0.00889727839441897
1963,USA,0.05782265016970004
1963,DEU,0.04723514555158392
1963,GBR,0.037575598334089494
1963,FRA,0.03444643084878376
1963,CAN,0.05070608222949706
1963,ITA,0.03322147565945222
1963,JPN,0.03831413132825593
1963,NLD,0.03310300427788723
1963,SWE,0.02380406724377049
1963,CHE,0.024928295335499506
1963,AUS,0.02072742669650618
1963,DNK,0.017829674146183524
1963,VEN,0.02625712483115289
1963,IND,0.022338077471260192
1963,NOR,0.011653531077496492
1963,AUT,0.021022130528142353
1963,BRA,0.020236075939407173
1963,ESP,0.009393714369008965
1963,MEX,0.02643105800927463
1963,ARG,0.00803697891273897
1963,FIN,0.008897941545364921
1963,HKG,0.00740824314368936
1963,NZL,0.015367960061286712
1963,ZAF,0.012705742152938317
1963,PHL,0.015747366797397994
1963,IRL,0.01673762828391549
1963,PAK,0.010456040306152398
1963,IDN,0.0020668827390539755
1963,TUR,0.008131946626595835
1963,PER,0.009406141594309046
1964,USA,0.057069361132041196
1964,DEU,0.04620083414401615
1964,GBR,0.03770506907302605
1964,FRA,0.034041358567348856
1964,CAN,0.05024509123681658
1964,JPN,0.03827781231318232
1964,ITA,0.030292639613019694
1964,NLD,0.03327650299740174
1964,SWE,0.023775509177820116
1964,CHE,0.02404284955073425
1964,AUS,0.021450083853217877
1964,DNK,0.017964260522521064
1964,VEN,0.025730495984819763
1964,IND,0.022669315961472584
1964,NOR,0.011494816334717403
1964,ESP,0.010391672153152563
1964,AUT,0.020947712506101543
1964,MEX,0.026774670587843476
1964,BRA,0.0178367842889963
1964,ARG,0.0074845900858628
1964,FIN,0.00971167906734241
1964,ZAF,0.013278390996146102
1964,HKG,0.008799107060299124
1964,NZL,0.015805148033516313
1964,IRN,0.003627200805576086
1964,PHL,0.01556226289950448
1964,SAU,0.0032998777485597056
1964,IRL,0.016797712577482506
1964,PAK,0.008841492321450537
1964,PRT,0.000746998224576378
1965,USA,0.05864649866940248
1965,DEU,0.04765979213257318
1965,GBR,0.03767813387633701
1965,FRA,0.03519314799522337
1965,CAN,0.05181407315859415
1965,JPN,0.040023386117061306
1965,ITA,0.030715786216126747
1965,NLD,0.03407840987713016
1965,SWE,0.024584359771118815
1965,CHE,0.024271294965445504
1965,AUS,0.02181319081576867
1965,DNK,0.018372468610852965
1965,VEN,0.025248115297911038
1965,IND,0.02149449203573992
1965,ESP,0.012809421981366973
1965,NOR,0.011509645234526621
1965,AUT,0.02205427127631331
1965,MEX,0.026047446185739946
1965,ARG,0.0067201107269869
1965,BRA,0.016541667275904223
1965,ZAF,0.013589002636286407
1965,FIN,0.009763736166848091
1965,HKG,0.010328944276501176
1965,IRN,0.0037448238772422693
1965,NZL,0.014793300083999464
1965,PHL,0.014122970907867332
1965,SAU,0.0047934618357000315
1965,IRL,0.016278574646933847
1965,PAK,0.007269481197777396
1965,PRT,0.0016521539339922273
1966,USA,0.05990782047071547
1966,DEU,0.04740792081603525
1966,GBR,0.037836029874710436
1966,FRA,0.03556069126492342
1966,CAN,0.053407941290368466
1966,JPN,0.04094161633492599
1966,ITA,0.030848371952067653
1966,NLD,0.033313302854709737
1966,SWE,0.02275227045035498
1966,CHE,0.02335975131746603
1966,AUS,0.019666777505831092
1966,DNK,0.01726922738796566
1966,ESP,0.013611926687757882
1966,VEN,0.02405702565918113
1966,IND,0.02028971716723906
1966,NOR,0.01171449557043325
1966,AUT,0.02170978509027113
1966,BRA,0.01943786999753925
1966,MEX,0.025468078350490423
1966,HKG,0.0113972178237142
1966,ARG,0.006140596682232503
1966,FIN,0.009194672345074192
1966,ZAF,0.0119151243741617
1966,IRN,0.004765718393117505
1966,SAU,0.006277872965184489
1966,NZL,0.01353772406078641
1966,PHL,0.012799848830147228
1966,PRT,0.002320431948987907
1966,IRL,0.015902553721118245
1966,CHL,0.00871406308778829
1967,USA,0.06172481608956073
1967,DEU,0.04749636887739344
1967,GBR,0.03799307704529592
1967,CAN,0.05545375839073854
1967,FRA,0.035481967790995536
1967,JPN,0.04188581697335165
1967,ITA,0.031887650642552695
1967,NLD,0.03358243448390276
1967,SWE,0.021919197308008787
1967,CHE,0.02296451354749033
1967,AUS,0.021148590539937718
1967,DNK,0.01681698450803969
1967,ESP,0.013506525491509349
1967,NOR,0.01240459539244409
1967,VEN,0.023458384968920325
1967,IND,0.019802002360660556
1967,AUT,0.020645585257964488
1967,BRA,0.018289522068117393
1967,MEX,0.025238041201279038
1967,HKG,0.012917546473453766
1967,IRN,0.010497253966560448
1967,ZAF,0.011941466024322327
1967,FIN,0.008336699196323719
1967,ARG,0.0051716506629693355
1967,SAU,0.0061195647354515
1967,PHL,0.013989898309271321
1967,MYS,0.004444607933198597
1967,NZL,0.011823577644572147
1967,IRL,0.016513932986015046
1967,PRT,0.002415688205765393
1968,USA,0.06444387037898625
1968,DEU,0.04953116476763784
1968,GBR,0.03879764711982642
1968,CAN,0.05782109175773927
1968,FRA,0.03712839909006188
1968,JPN,0.04415166387865828
1968,ITA,0.033215722529427165
1968,NLD,0.03510326658998566
1968,SWE,0.02192269031094403
1968,CHE,0.023653909423267186
1968,AUS,0.020501936120610666
1968,DNK,0.015250501379540564
1968,ESP,0.013221021309932544
1968,NOR,0.011041705472484953
1968,VEN,0.022194224037935292
1968,AUT,0.020568500014242805
1968,BRA,0.01945952849446692
1968,IND,0.015911594489229984
1968,HKG,0.014473484101780792
1968,MEX,0.025554038288789823
1968,IRN,0.010813421226329004
1968,SAU,0.007479939522791869
1968,SGP,0.0027532516798420845
1968,ZAF,0.009484898108659112
1968,FIN,0.007545796338953425
1968,ARG,0.006492760008150732
1968,LBY,0.007742436505298516
1968,MYS,0.004394130153756335
1968,PHL,0.013299720012859747
1968,KOR,0.012232048288081481
1969,USA,0.06532435905367258
1969,DEU,0.051747944020771444
1969,GBR,0.037695757941031464
1969,CAN,0.058721095304237206
1969,FRA,0.04010971079429678
1969,JPN,0.04596131792898956
1969,ITA,0.035453494195678566
1969,NLD,0.03725043697254524
1969,SWE,0.02318695173343391
1969,CHE,0.02531298202739908
1969,AUS,0.02046285898129251
1969,DNK,0.01645200561650744
1969,ESP,0.013648452980475904
1969,NOR,0.011913787827829555
1969,AUT,0.021849422884116242
1969,VEN,0.022190253887146856
1969,BRA,0.01811143888528972
1969,HKG,0.016515219446617765
1969,MEX,0.025625162432498343
1969,FIN,0.00877894808743817
1969,ARG,0.007652904070414054
1969,SGP,0.0056553331457674496
1969,IND,0.012983805311394935
1969,ZAF,0.009892587502278331
1969,LBY,0.00870209612448312
1969,MYS,0.0060355103229440535
1969,SAU,0.010112618387006117
1969,KOR,0.015152611902108653
1969,PHL,0.011369001485306703
1969,IRL,0.016854419344310343
1970,USA,0.06501665104209835
1970,DEU,0.05398993226474695
1970,GBR,0.037058226409155064
1970,JPN,0.048081772875397076
1970,FRA,0.04094617363651318
1970,CAN,0.057309161343380495
1970,ITA,0.0367937853518086
1970,NLD,0.03962184084975789
1970,SWE,0.024024474107399843
1970,CHE,0.02648299531251334
1970,AUS,0.02046265425308488
1970,DNK,0.016552174561283155
1970,ESP,0.01445756157205101
1970,NOR,0.013376299068233611
1970,AUT,0.023105501586660235
1970,BRA,0.018801743975809772
1970,VEN,0.022488004952115587
1970,HKG,0.016855608792743546
1970,FIN,0.009606318951666262
1970,MEX,0.025240832199597343
1970,SGP,0.006817690877676609
1970,ARG,0.007863361819867494
1970,ZAF,0.009938464673606248
1970,IND,0.0116699168185286
1970,LBY,0.00876566073433534
1970,SAU,0.0073052898131969034
1970,MYS,0.005567689263661415
1970,KOR,0.014231021444628244
1970,POL,0.0033906476419620656
1970,PRT,0.003684998299367012
1971,USA,0.06676060696510157
1971,DEU,0.056074477602272466
1971,GBR,0.03708022853719444
1971,JPN,0.04873575961219266
1971,FRA,0.042632011779436894
1971,CAN,0.05918211791716516
1971,ITA,0.03802181854391798
1971,NLD,0.04155240375037429
1971,SWE,0.023928134583387686
1971,CHE,0.027042622456583162
1971,AUS,0.021170278743661612
1971,DNK,0.016434289187459847
1971,ESP,0.014148391438306927
1971,AUT,0.02405631181189773
1971,NOR,0.012739474024145981
1971,BRA,0.019500122758509215
1971,HKG,0.016961466894383357
1971,FIN,0.009709107504197295
1971,SAU,0.00830577501951523
1971,SGP,0.007710154256610079
1971,IND,0.012730629771329518
1971,MEX,0.024062004075955854
1971,ZAF,0.0110705404881853
1971,ARG,0.0063101568116657215
1971,LBY,0.009076160343642729
1971,POL,0.004168661436598717
1971,KOR,0.015084731688793115
1971,IRL,0.019039795732193398
1971,MYS,0.005509532431797969
1971,NGA,0.009117438874588872
1972,USA,0.06781549566599337
1972,DEU,0.057395399121803366
1972,GBR,0.03798120195942947
1972,JPN,0.04998041964326317
1972,FRA,0.04463081938257643
1972,CAN,0.060164271594297214
1972,ITA,0.03947482826876326
1972,NLD,0.04240144639229785
1972,SWE,0.024076847511574354
1972,CHE,0.027643883964819017
1972,AUS,0.021539355370190038
1972,ESP,0.01658257361474575
1972,DNK,0.016243154997680864
1972,AUT,0.02539386293708236
1972,BRA,0.02066997246858558
1972,NOR,0.012125185554208948
1972,HKG,0.017069864239546262
1972,SAU,0.009790544362769635
1972,FIN,0.009619753447421131
1972,SGP,0.009188796871412008
1972,MEX,0.02553497160607106
1972,POL,0.007766840188827888
1972,VEN,0.019636744743870074
1972,IND,0.007508320192827335
1972,KOR,0.015892305074184893
1972,ARG,0.005462775629732077
1972,GRC,0.007587516331257631
1972,IRL,0.01804729811782858
1972,LBY,0.007121623773674951
1972,ZAF,0.007435231379069461
1973,USA,0.06445138098750554
1973,DEU,0.05671041518075732
1973,JPN,0.04881273204475118
1973,GBR,0.037002949665792866
1973,FRA,0.04434317339232814
1973,CAN,0.056706790094641295
1973,ITA,0.03848230676729164
1973,NLD,0.04264743017810882
1973,CHE,0.02760285817639846
1973,SWE,0.023785804697040207
1973,AUS,0.02391223393842378
1973,ESP,0.01657982998568047
1973,DNK,0.01776209483098
1973,BRA,0.020842997923229956
1973,AUT,0.025225576211856615
1973,NOR,0.011787180108902682
1973,SAU,0.011667674954502336
1973,HKG,0.016328523578005894
1973,SGP,0.010713605312663152
1973,KOR,0.019609769588592216
1973,VEN,0.02186279387006778
1973,FIN,0.008855857891233812
1973,POL,0.011503898495202957
1973,MEX,0.025546429051985446
1973,LBY,0.010779294311222784
1973,IDN,0.017805993528229654
1973,GRC,0.007503372857572201
1973,MYS,0.007352993066243464
1973,ARG,0.004179420876978011
1973,IND,0.0066707517880027194
1974,USA,0.05913102298150089
1974,DEU,0.05012930045639726
1974,JPN,0.046233700258230995
1974,GBR,0.033419694542537105
1974,FRA,0.03906680438604556
1974,ITA,0.03455776731658658
1974,CAN,0.05199879380247693
1974,NLD,0.03839054578599515
1974,SAU,0.023327593130465576
1974,SWE,0.021732149717944575
1974,CHE,0.023770597108742932
1974,AUS,0.02140215598106136
1974,ESP,0.015345621079547069
1974,BRA,0.021712171954726113
1974,DNK,0.014646446692534752
1974,VEN,0.02614358985860807
1974,AUT,0.022081341380771155
1974,NOR,0.010087220703372212
1974,SGP,0.010839057799069731
1974,IDN,0.02185907885953873
1974,LBY,0.014815657866121178
1974,KWT,0.014072449780897325
1974,NGA,0.014758912053922062
1974,HKG,0.013128326310895581
1974,KOR,0.018325380637867785
1974,MEX,0.025824805177664917
1974,POL,0.010089255252236308
1974,FIN,0.0077986708892852225
1974,DZA,0.010380534754061603
1974,MYS,0.0070111439978956
1975,USA,0.05689362400032775
1975,DEU,0.048921525593887905
1975,JPN,0.0435892952575251
1975,FRA,0.03893773838668539
1975,GBR,0.03359453935766027
1975,CAN,0.05081555532361044
1975,ITA,0.03362272505860922
1975,NLD,0.03800473910130917
1975,SAU,0.02481790628027979
1975,SWE,0.022375724956936696
1975,CHE,0.02273362909643089
1975,AUS,0.020906060012590932
1975,ESP,0.015763203423850958
1975,BRA,0.02015939744329045
1975,DNK,0.015528223373952854
1975,NOR,0.012888870323945915
1975,AUT,0.02235698071072353
1975,VEN,0.023794478442440866
1975,IRN,0.01632720784910826
1975,SGP,0.010282993856862774
1975,NGA,0.014822370896982413
1975,IDN,0.0203473534676722
1975,KOR,0.01725290339714968
1975,POL,0.00939142371961375
1975,HKG,0.012657008037328357
1975,KWT,0.012794419373870483
1975,MEX,0.02586951204485305
1975,LBY,0.010411177993348213
1975,DZA,0.012123356785112433
1975,FIN,0.007949445520363448
1976,USA,0.05954948347447113
1976,DEU,0.05009182243965249
1976,JPN,0.046690930266237614
1976,FRA,0.0404232081958282
1976,GBR,0.033746058594195986
1976,CAN,0.053160511830913075
1976,NLD,0.038574545931139986
1976,ITA,0.034269637590856515
1976,SAU,0.028168955285279844
1976,SWE,0.02193598987969494
1976,CHE,0.02365604550008498
1976,AUS,0.023498746887263833
1976,ESP,0.015004099559902392
1976,BRA,0.019973026120396743
1976,DNK,0.017208129202143117
1976,AUT,0.023872036247064844
1976,NOR,0.013337789994182418
1976,NGA,0.019706113641717402
1976,KOR,0.020213100464338937
1976,VEN,0.024011654305256275
1976,HKG,0.0165953243463269
1976,SGP,0.010468856603725249
1976,IDN,0.020229917619171003
1976,KWT,0.01329923501150279
1976,LBY,0.012799811671101662
1976,IRN,0.013488885824649542
1976,POL,0.009099933927487128
1976,ARE,0.013569757403509592
1976,MEX,0.025604873838394132
1976,FIN,0.007194396468292998
1977,USA,0.05907047214493244
1977,DEU,0.05038893153465067
1977,JPN,0.04687689238911212
1977,FRA,0.03989962228637776
1977,GBR,0.03565793822608186
1977,ITA,0.0342401751450665
1977,NLD,0.03869434189577485
1977,CAN,0.05230872948051363
1977,SAU,0.027734310140638898
1977,SWE,0.020694053518818024
1977,CHE,0.02455946003850992
1977,ESP,0.013660229729811754
1977,AUS,0.02185351790842485
1977,BRA,0.01812598739592939
1977,AUT,0.025365088966959565
1977,DNK,0.01599780867112121
1977,KOR,0.021421348379139105
1977,NOR,0.014244065620951105
1977,NGA,0.020792751121139742
1977,VEN,0.02419276571742714
1977,SGP,0.010889705615140232
1977,HKG,0.017402016797087846
1977,IDN,0.020670205985669925
1977,LBY,0.016866580634102003
1977,ARE,0.013326214914820871
1977,IRN,0.01237919064685206
1977,KWT,0.01358135127202011
1977,POL,0.008062969176947132
1977,DZA,0.014690172906253808
1977,MEX,0.024572456743982375
1978,USA,0.06071037414996365
1978,DEU,0.053017097001655515
1978,JPN,0.04865466976253994
1978,FRA,0.041970556928354844
1978,GBR,0.036317565072173374
1978,ITA,0.03612311142261359
1978,NLD,0.040093704314970204
1978,CAN,0.05290043873559551
1978,SAU,0.028423371119399726
1978,CHE,0.027359459654987196
1978,SWE,0.01996408678030578
1978,ESP,0.013334242060519622
1978,AUS,0.02085277513517504
1978,KOR,0.023554270627894995
1978,AUT,0.02662200263682171
1978,DNK,0.017098200133924327
1978,HKG,0.0175839039066084
1978,BRA,0.019306888398440407
1978,SGP,0.011940562762571987
1978,NOR,0.01472822757342075
1978,NGA,0.017699600982887136
1978,VEN,0.022624670233290733
1978,IDN,0.020033348391915264
1978,CHN,0.016004946110802307
1978,IRN,0.013843994651439324
1978,MEX,0.027685929011075416
1978,LBY,0.015815114741305158
1978,KWT,0.011809837473388467
1978,POL,0.007774856979742458
1978,ARE,0.011602122389422582
1979,USA,0.060330882984143824
1979,DEU,0.05364552712287473
1979,JPN,0.04768687853947556
1979,FRA,0.042390980316298225
1979,GBR,0.0404492158624651
1979,ITA,0.03738365981563849
1979,NLD,0.0401962683214083
1979,CAN,0.05211970987699544
1979,SAU,0.030438602112763193
1979,CHE,0.027912131545844467
1979,SWE,0.02051436753194311
1979,ESP,0.013831677611122289
1979,AUS,0.019123153411750048
1979,KOR,0.022542055798890726
1979,SGP,0.012904970254567018
1979,AUT,0.026815769707594996
1979,HKG,0.01735198739648013
1979,DNK,0.016752115182294372
1979,BRA,0.017567354875089525
1979,NOR,0.01615823551399067
1979,CHN,0.0168396286617405
1979,NGA,0.02079759911792546
1979,MEX,0.030508141984030207
1979,VEN,0.022850952565260735
1979,LBY,0.017439499300297416
1979,KWT,0.014390812754519127
1979,IDN,0.021256162703259134
1979,ARE,0.012294778997815472
1979,MYS,0.011672925577072292
1979,FIN,0.006795384370768805
1980,USA,0.059673387843747816
1980,DEU,0.05181190986657594
1980,JPN,0.0484241189183531
1980,FRA,0.04110035501039373
1980,GBR,0.040439704038149345
1980,ITA,0.0362506196798098
1980,NLD,0.03844062838230685
1980,SAU,0.03432375869898169
1980,CAN,0.050494435391081775
1980,CHE,0.026841893097530746
1980,SWE,0.01953206686778253
1980,ESP,0.013486931912046956
1980,SGP,0.013908875724994768
1980,HKG,0.01810062841185613
1980,AUS,0.019118499478715332
1980,BRA,0.01790760473660556
1980,MEX,0.03435889992233825
1980,AUT,0.02616613521701544
1980,KOR,0.020390262436452422
1980,CHN,0.019090756321462784
1980,IDN,0.02445672314047617
1980,NOR,0.018234072754878105
1980,DNK,0.015281299591974008
1980,LBY,0.018821745248702688
1980,ARE,0.018745333762926288
1980,VEN,0.021347112035050672
1980,KWT,0.01243042958423775
1980,DZA,0.01821116210957765
1980,MYS,0.012050182989553529
1980,FIN,0.0073265214023467175
1981,USA,0.06140905907079075
1981,DEU,0.047466906230465546
1981,JPN,0.05066667127709352
1981,FRA,0.0377045055683181
1981,GBR,0.03954661476765772
1981,ITA,0.032740375475240356
1981,SAU,0.03573722830485424
1981,NLD,0.03484265605588603
1981,CAN,0.05230998528754994
1981,CHE,0.023578419606149037
1981,SWE,0.016706075822239774
1981,ESP,0.013041479419487242
1981,SGP,0.015265933061548992
1981,MEX,0.03588709632444061
1981,HKG,0.019372289252952486
1981,AUS,0.02113730654569282
1981,BRA,0.017724815145245425
1981,KOR,0.021949762166316604
1981,CHN,0.020130422060119904
1981,IDN,0.025621551271038698
1981,AUT,0.022966184801264698
1981,NGA,0.017658250021407522
1981,NOR,0.0173516859401675
1981,VEN,0.021887634774412756
1981,ARE,0.018786604841668175
1981,LBY,0.014451574043754363
1981,DNK,0.013156960316691202
1981,IRQ,0.008872589797854085
1981,MYS,0.01167503834057953
1981,DZA,0.012389344592139723
1982,USA,0.06125593785190541
1982,DEU,0.04928239951098166
1982,JPN,0.05117837548575312
1982,FRA,0.03933545479116365
1982,GBR,0.04048809136296693
1982,ITA,0.03358474583440349
1982,NLD,0.03636384975875412
1982,CAN,0.05225609701536771
1982,SAU,0.03282227457455757
1982,CHE,0.024493661721497605
1982,SGP,0.016283891224432603
1982,ESP,0.014411719888644623
1982,SWE,0.017329675738968722
1982,AUS,0.021328571197555296
1982,HKG,0.02011716087539218
1982,KOR,0.02418147455926289
1982,MEX,0.03370398087387496
1982,BRA,0.0181414511989977
1982,CHN,0.019077952908432807
1982,IDN,0.02653796680520862
1982,NOR,0.01694275872311479
1982,AUT,0.023925078816309946
1982,IRQ,0.0090989319875167
1982,DNK,0.01452173548861263
1982,VEN,0.02174042066889915
1982,NGA,0.014471615635333206
1982,IRN,0.008157890216292442
1982,MYS,0.012786869678787826
1982,ARE,0.017011702630387874
1982,LBY,0.01203353606985926
1983,USA,0.06487899258353955
1983,DEU,0.05002926541229003
1983,JPN,0.05343274015507865
1983,GBR,0.04124388345978338
1983,FRA,0.03904192139010425
1983,ITA,0.033727443243477186
1983,CAN,0.05596386511979603
1983,NLD,0.03688385733406867
1983,SAU,0.030345795457127664
1983,CHE,0.025005411982041613
1983,SGP,0.01916563464394688
1983,SWE,0.017701845501564072
1983,ESP,0.013177410899795197
1983,HKG,0.02223468509073208
1983,KOR,0.02716282491080446
1983,AUS,0.021312558624712152
1983,CHN,0.021155408839998197
1983,BRA,0.01855913917789772
1983,IRN,0.01627332798885941
1983,MEX,0.03372052619510431
1983,IDN,0.024974231452484397
1983,AUT,0.024564634852390375
1983,NOR,0.016335791667167133
1983,DNK,0.01466648475478651
1983,MYS,0.01441918556535692
1983,DZA,0.013522251532437796
1983,IND,0.007534026460724682
1983,ARE,0.015692627250017865
1983,VEN,0.018020945135595674
1983,KWT,0.009593881169232486
1984,USA,0.07045046906508537
1984,JPN,0.05775861067560446
1984,DEU,0.05038808553441125
1984,GBR,0.04182157912407131
1984,FRA,0.03847059665992681
1984,CAN,0.06067170907679525
1984,ITA,0.03330241558446053
1984,NLD,0.03632441030961418
1984,SAU,0.028415903120353903
1984,HKG,0.025376561031509468
1984,CHE,0.02462622608270548
1984,SGP,0.019581494346352795
1984,KOR,0.02875502567624311
1984,SWE,0.017625206367761836
1984,CHN,0.024320430531202267
1984,ESP,0.013689394300523416
1984,AUS,0.022374675486960652
1984,MEX,0.035884412513062555
1984,BRA,0.02195082764794236
1984,NOR,0.016654122062568444
1984,IDN,0.02461143145201571
1984,AUT,0.023732911431396757
1984,MYS,0.01580095184485289
1984,DNK,0.013859614936728212
1984,IRN,0.010227155162293635
1984,DZA,0.012862741393056595
1984,IND,0.006463745077941252
1984,VEN,0.021564201488354626
1984,TWN,0.013979234015276936
1984,FIN,0.006104453555697305
1985,USA,0.07265111201601357
1985,DEU,0.053115384588084395
1985,JPN,0.059534448750303975
1985,GBR,0.043190370409275126
1985,FRA,0.03995462161928746
1985,CAN,0.06220035992093776
1985,ITA,0.03551764130005103
1985,NLD,0.0380603616370301
1985,CHN,0.030479199251304368
1985,HKG,0.02528200742333971
1985,CHE,0.026046551739520245
1985,SWE,0.018543267671217653
1985,KOR,0.029089390442134235
1985,ESP,0.01422538936987715
1985,SAU,0.023313016875767673
1985,SGP,0.019160684404347254
1985,AUS,0.022825497491214812
1985,MEX,0.036686051951731476
1985,BRA,0.021598423743810755
1985,NOR,0.017273594912653446
1985,AUT,0.025380588903333355
1985,DNK,0.01520087107104373
1985,MYS,0.01433714903101339
1985,IDN,0.02162495723136066
1985,IRN,0.008343837420883507
1985,IND,0.007009986929102494
1985,VEN,0.02124327300582627
1985,FIN,0.006729591193715736
1985,DZA,0.01281384779538665
1985,NGA,0.006609471653537274
1986,USA,0.07493908630263933
1986,DEU,0.06109776411535079
1986,JPN,0.06260201908506001
1986,FRA,0.04577484016153989
1986,GBR,0.04412352780002875
1986,ITA,0.04159144327581115
1986,CAN,0.0619250784599423
1986,NLD,0.04281874318717387
1986,CHE,0.03213239027260357
1986,HKG,0.027096939511474436
1986,CHN,0.026899472729686985
1986,SWE,0.022067213664141164
1986,KOR,0.0313865215979475
1986,ESP,0.01896097662948108
1986,SGP,0.018772437209608552
1986,AUT,0.03076366788513764
1986,AUS,0.021564432564772782
1986,SAU,0.015436769650207093
1986,DNK,0.018954962090664225
1986,NOR,0.015452886738713449
1986,BRA,0.020799644017355193
1986,MEX,0.033316896455171385
1986,MYS,0.011325054975758257
1986,FIN,0.009129068712590166
1986,IRL,0.017578586004623913
1986,TWN,0.016666876754780444
1986,IDN,0.01885652661369635
1986,IND,0.006706147575946245
1986,ARE,0.014281022095038174
1986,TUR,0.0064966951698994906
1987,USA,0.07423464680288949
1987,DEU,0.06247840963529378
1987,JPN,0.06072912253940382
1987,FRA,0.047635147875214855
1987,GBR,0.04635466868988206
1987,ITA,0.0434275468777354
1987,CAN,0.06219876856490376
1987,NLD,0.04340723234373557
1987,CHE,0.03344182292444844
1987,HKG,0.028857418880099885
1987,KOR,0.03356527992239199
1987,ESP,0.021766763023957546
1987,CHN,0.02513560692197263
1987,SWE,0.02354154282564939
1987,SGP,0.02030131182793786
1987,AUT,0.03209425709095386
1987,AUS,0.02030366851648443
1987,SAU,0.015584291387735164
1987,DNK,0.018845327663180332
1987,NOR,0.01403939461413399
1987,BRA,0.02033253873573358
1987,MEX,0.03433942116432783
1987,TWN,0.019591074362168205
1987,FIN,0.010571561461754572
1987,MYS,0.011207313696840727
1987,IRL,0.01869882566734423
1987,IDN,0.018313947720470784
1987,IND,0.005971684684341668
1987,TUR,0.009087366360576514
1987,THA,0.00866594205122413
1988,USA,0.07576491850741139
1988,DEU,0.06210382077085497
1988,JPN,0.0619013763623722
1988,GBR,0.047990282316441625
1988,FRA,0.047977014768301
1988,ITA,0.04333854187559557
1988,CAN,0.06374209875869231
1988,NLD,0.042794541832888576
1988,HKG,0.031154493408456226
1988,CHE,0.0330995292252357
1988,KOR,0.03576631183764209
1988,CHN,0.02684427234643516
1988,ESP,0.022775352003791854
1988,SWE,0.023234682169833133
1988,SGP,0.023469216401956584
1988,AUS,0.022477106152406095
1988,AUT,0.03244751743189655
1988,MEX,0.036139430681961855
1988,DNK,0.018150223608251616
1988,BRA,0.02068694452106879
1988,SAU,0.01557481588552036
1988,TWN,0.021243376191248924
1988,NOR,0.012644865111149746
1988,MYS,0.011738576013561531
1988,FIN,0.01020516214472771
1988,IRL,0.01951793304777365
1988,THA,0.01302186962208198
1988,IDN,0.017764702821998206
1988,IND,0.008279131239137032
1988,PRT,0.006248328319040768
1989,USA,0.07485459339770137
1989,DEU,0.060163139871581915
1989,JPN,0.061340721411333246
1989,FRA,0.04689046569968248
1989,GBR,0.047394060040997416
1989,ITA,0.04208896658489381
1989,CAN,0.06297176031060582
1989,NLD,0.041153272127779944
1989,HKG,0.032295090652083996
1989,CHE,0.031592560830954824
1989,KOR,0.03478496653807577
1989,ESP,0.023192848833772158
1989,CHN,0.025510760579353513
1989,SWE,0.022428745210202532
1989,SGP,0.024611092971713724
1989,AUS,0.022908949312763445
1989,AUT,0.03117114538605823
1989,MEX,0.037781182494918644
1989,SAU,0.016938377760196976
1989,BRA,0.019234942189580512
1989,DNK,0.01698742622595673
1989,TWN,0.02093561131558274
1989,MYS,0.013121306566589382
1989,NOR,0.013307526192672265
1989,THA,0.015482133869013905
1989,FIN,0.010333474156093524
1989,IRL,0.01927143348147288
1989,IND,0.010947968076583705
1989,IDN,0.01816655526442446
1989,PRT,0.006983734772143469
1990,USA,0.07225660650456182
1990,DEU,0.06221271809278751
1990,JPN,0.058092687483039786
1990,FRA,0.04887166713225984
1990,GBR,0.04795418360496942
1990,ITA,0.04414009762220566
1990,CAN,0.061181758351879036
1990,NLD,0.043088867140180016
1990,HKG,0.03131005481692777
1990,CHE,0.03318643760409091
1990,ESP,0.025367602573030647
1990,KOR,0.03252246812015441
1990,CHN,0.024448910763673483
1990,SGP,0.02376442785786809
1990,SWE,0.02243876574236016
1990,AUT,0.03339518705217504
1990,AUS,0.020485554257369382
1990,SAU,0.019194301990564554
1990,MEX,0.03767980589577705
1990,DNK,0.01824050581670138
1990,NOR,0.014350103101544255
1990,MYS,0.013976040622198418
1990,THA,0.016789776467703917
1990,BRA,0.017221400109820262
1990,TWN,0.018973103725945996
1990,FIN,0.010817482943436747
1990,IDN,0.01941483902136264
1990,IRL,0.019834437452668247
1990,PRT,0.008380855702611593
1990,IND,0.006180596036803628
1991,USA,0.07329822965905036
1991,DEU,0.06251072852263694
1991,JPN,0.05891933273903586
1991,FRA,0.04891501366048053
1991,GBR,0.0464965903344553
1991,ITA,0.04412590853177638
1991,CAN,0.061753054968402166
1991,NLD,0.043458072220367246
1991,HKG,0.03397239126696276
1991,KOR,0.03279196471843672
1991,ESP,0.027575289818844294
1991,CHN,0.02750856128953587
1991,CHE,0.03259994878120955
1991,SGP,0.024541754412265332
1991,SWE,0.02108939680673813
1991,MEX,0.04373997938291524
1991,AUT,0.03368775201392103
1991,SAU,0.02138809367482427
1991,AUS,0.020872701977287918
1991,MYS,0.017186870661874878
1991,DNK,0.01898136146282454
1991,THA,0.01787095911523998
1991,TWN,0.020981630740439964
1991,NOR,0.013027466886078875
1991,BRA,0.016576775637902576
1991,IDN,0.0194637037405174
1991,IRL,0.018836850781431796
1991,PRT,0.010097473561121145
1991,FIN,0.009118971521214136
1991,ARE,0.014977667697818412
1992,USA,0.07034175850828624
1992,DEU,0.05948925610930067
1992,JPN,0.05605004554766184
1992,FRA,0.04675790510394378
1992,GBR,0.044841053488511994
1992,ITA,0.04226110819453382
1992,NLD,0.04154086142645142
1992,CAN,0.05956448409828106
1992,HKG,0.03561358833724846
1992,CHN,0.029778357152437637
1992,ESP,0.027156381003143278
1992,KOR,0.030057352062541055
1992,CHE,0.03114805495216897
1992,SGP,0.0249434417222246
1992,MEX,0.04382521971665155
1992,SWE,0.020188376350488237
1992,AUT,0.03303300280438442
1992,SAU,0.02063128752057861
1992,AUS,0.01966597803865382
1992,MYS,0.01671939627944677
1992,DNK,0.020119599715902867
1992,TWN,0.02186600453665394
1992,THA,0.01824581716511431
1992,NOR,0.013059616451473601
1992,IDN,0.018462518776268585
1992,BRA,0.01615296998089
1992,RUS,0.006918423926339975
1992,IRL,0.01928369647546937
1992,PRT,0.010267394268433
1992,FIN,0.009193921960316319
1993,USA,0.06894512517972604
1993,DEU,0.05140121429635249
1993,JPN,0.05535217830268171
1993,FRA,0.04001856024459989
1993,GBR,0.04156643249890646
1993,ITA,0.03536392642431669
1993,CAN,0.05889893530981466
1993,NLD,0.03565671202644794
1993,HKG,0.03513726753898233
1993,CHN,0.030373778047685433
1993,KOR,0.029089428305408192
1993,SGP,0.026243750052034456
1993,ESP,0.022071873670640174
1993,CHE,0.027770770847055943
1993,MEX,0.04326388233441188
1993,MYS,0.01916070256115425
1993,AUT,0.028988357467276498
1993,SWE,0.016921073020394473
1993,AUS,0.01943844199013335
1993,SAU,0.016762109228318625
1993,THA,0.01961035510254395
1993,RUS,0.014230808325135574
1993,TWN,0.021852147792194233
1993,BRA,0.016960965787730875
1993,IDN,0.018627528932472385
1993,DNK,0.016821233372683528
1993,NOR,0.011627663826253035
1993,IRL,0.017164885043493117
1993,IND,0.008133050888970105
1993,TUR,0.010700118002530895
1994,USA,0.06895874012679408
1994,DEU,0.05131849175170995
1994,JPN,0.05504870674092241
1994,FRA,0.04019861851475802
1994,GBR,0.04117976765367281
1994,ITA,0.03536842838759805
1994,CAN,0.059045021276238056
1994,HKG,0.03542638968698987
1994,NLD,0.03572681030563249
1994,CHN,0.03154110789142593
1994,SGP,0.026927581195819127
1994,KOR,0.029719843136043814
1994,ESP,0.022244045510225754
1994,CHE,0.02770558366176747
1994,MEX,0.04418305586626347
1994,MYS,0.02071154962017136
1994,RUS,0.0135531193885566
1994,SWE,0.017568936682441125
1994,AUT,0.028448193269469256
1994,AUS,0.019211992079919596
1994,THA,0.020314721837862808
1994,TWN,0.02106263583059732
1994,BRA,0.01780432253213403
1994,SAU,0.015013573080719394
1994,DNK,0.016652155870845932
1994,IDN,0.01798040659126549
1994,NOR,0.010754229064842503
1994,IRL,0.017072215151548574
1994,FIN,0.007738557438455183
1994,IND,0.007373716557649355
1995,USA,0.06728962506896895
1995,DEU,0.05209937248761952
1995,JPN,0.05382008371737012
1995,FRA,0.04091823415640852
1995,GBR,0.040589886260115955
1995,ITA,0.03623307537877972
1995,CAN,0.057804218368172657
1995,NLD,0.03633200543065093
1995,HKG,0.034514144699783485
1995,CHN,0.03222414067421787
1995,KOR,0.03119411671800222
1995,SGP,0.02723238110652079
1995,ESP,0.023872559068178267
1995,CHE,0.02813888379620073
1995,MYS,0.02181128230711695
1995,MEX,0.04291830964265631
1995,SWE,0.018718746129176973
1995,RUS,0.012922896927930966
1995,THA,0.021572703645864548
1995,AUT,0.02882053203844203
1995,AUS,0.017165579055982795
1995,TWN,0.021478707485520367
1995,BRA,0.01793069369157094
1995,DNK,0.017426089208472603
1995,SAU,0.013614725070723989
1995,IDN,0.01815927990748964
1995,IRL,0.016948635737549095
1995,NOR,0.010114748773300574
1995,FIN,0.009042890405834962
1995,IND,0.007842519288006495
1996,USA,0.06674016932793812
1996,DEU,0.050400174299011696
1996,JPN,0.0518072966222628
1996,FRA,0.039251929284751276
1996,GBR,0.04019999693997449
1996,ITA,0.034967568460804586
1996,CAN,0.057546610487660424
1996,NLD,0.035200312241366286
1996,HKG,0.03345844862269162
1996,CHN,0.031547982296858984
1996,KOR,0.029652134554055166
1996,SGP,0.02724826369557416
1996,ESP,0.023828402668027885
1996,MEX,0.04487061130747349
1996,CHE,0.026095768697998192
1996,MYS,0.020398778349021218
1996,RUS,0.013151021210950756
1996,SWE,0.01783297947930847
1996,AUT,0.028058312233506272
1996,THA,0.02003050661984148
1996,AUS,0.015919649806145204
1996,BRA,0.0183491348479723
1996,SAU,0.015499161012099878
1996,TWN,0.019254212703823326
1996,DNK,0.01609096912230193
1996,IDN,0.017202957489051277
1996,NOR,0.010792633837224634
1996,IRL,0.017012921090582434
1996,IND,0.008314673708928447
1996,FIN,0.008242271134181516
1997,USA,0.06625028361435864
1997,DEU,0.048208092525573204
1997,JPN,0.04976960272644414
1997,GBR,0.04017607715586671
1997,FRA,0.0373318154663755
1997,ITA,0.032746573969630155
1997,CAN,0.05730109690352817
1997,NLD,0.032855857318782294
1997,CHN,0.031623776357923836
1997,HKG,0.03342220322830376
1997,KOR,0.027545074061677076
1997,SGP,0.02628523589594645
1997,ESP,0.022672066537790164
1997,BEL,0.02156935725547742
1997,MEX,0.046213988016972664
1997,CHE,0.0240370628732731
1997,MYS,0.020103973536506645
1997,RUS,0.013513879261657303
1997,SWE,0.01634353643473054
1997,AUS,0.015512174807056476
1997,AUT,0.025974150638487268
1997,THA,0.01692650643950233
1997,BRA,0.019262663203763672
1997,TWN,0.018880000384351326
1997,SAU,0.014453279222384059
1997,IDN,0.016585276907100415
1997,DNK,0.015165512190786571
1997,IRL,0.017681945588767855
1997,NOR,0.010910944755926119
1997,IND,0.008509737827005696
1998,USA,0.0683459985313259
1998,DEU,0.05098404635348262
1998,JPN,0.04914184952087052
1998,FRA,0.03969271732759628
1998,GBR,0.041340991181161094
1998,ITA,0.03426178128221056
1998,CAN,0.05902490407045284
1998,NLD,0.033691916624236984
1998,CHN,0.03275945247079036
1998,HKG,0.03258973438997932
1998,ESP,0.024532846434887224
1998,BEL,0.022491817328817755
1998,MEX,0.04856412584755186
1998,KOR,0.025102651808168976
1998,SGP,0.02494746362332237
1998,CHE,0.025401295172905895
1998,SWE,0.016868920110618673
1998,MYS,0.019342955232202697
1998,AUT,0.027652056395540373
1998,RUS,0.011947540542987379
1998,AUS,0.0145584348310062
1998,BRA,0.019200258201246698
1998,IRL,0.01826659988109304
1998,TWN,0.017841259749081823
1998,THA,0.01436767361381016
1998,DNK,0.015313160876420826
1998,SAU,0.013899078237298301
1998,NOR,0.008906322158692807
1998,FIN,0.008399137285122295
1998,IND,0.008789439764804783
1999,USA,0.07021733951196815
1999,DEU,0.05171453895805833
1999,JPN,0.050063685763939436
1999,FRA,0.04037547691594185
1999,GBR,0.04164288828389914
1999,CAN,0.060707288085911075
1999,ITA,0.03376424773796043
1999,NLD,0.035907415623684075
1999,CHN,0.03279294745162203
1999,BEL,0.030316471748625985
1999,HKG,0.03181102916138467
1999,KOR,0.028342820551621913
1999,MEX,0.05038788835111279
1999,ESP,0.024321563868338714
1999,SGP,0.024714023517519123
1999,CHE,0.024751520587236002
1999,SWE,0.015968491017663015
1999,MYS,0.020064492851296203
1999,AUT,0.02731637740928176
1999,IRL,0.01977810723865998
1999,AUS,0.014168319849206626
1999,RUS,0.009316346585557947
1999,TWN,0.018835077923453323
1999,THA,0.014270405945216986
1999,BRA,0.018013708562181804
1999,DNK,0.014378885405110845
1999,SAU,0.012852446320969097
1999,IND,0.009294297808660536
1999,NOR,0.008270756293337114
1999,FIN,0.009139638376528179
2000,USA,0.06774171732700579
2000,DEU,0.04574724236886356
2000,JPN,0.048587145958303796
2000,FRA,0.03640388778724902
2000,GBR,0.03819088009411481
2000,CAN,0.05832719941314601
2000,CHN,0.03400751764902588
2000,NLD,0.032439101306754946
2000,ITA,0.025451695035192123
2000,HKG,0.03140707654153651
2000,BEL,0.027421102500460988
2000,KOR,0.029259581130276085
2000,MEX,0.050122154398910976
2000,ESP,0.022421947099273365
2000,SGP,0.023770167412015628
2000,MYS,0.019986988355490093
2000,SAU,0.015131828019892634
2000,CHE,0.021606383219848268
2000,RUS,0.010908422461064531
2000,SWE,0.014271284683436664
2000,AUT,0.024461476584083083
2000,TWN,0.019724532565261726
2000,THA,0.015023528544525617
2000,AUS,0.013814486890249287
2000,BRA,0.01830258488629608
2000,IRL,0.014273029596627372
2000,IND,0.009207814588183975
2000,IDN,0.014169690366012474
2000,DNK,0.012571480055782028
2000,NOR,0.009866671500080157
2001,USA,0.06664541818698547
2001,DEU,0.04735662611931224
2001,JPN,0.04670067093744116
2001,FRA,0.037216191806369855
2001,GBR,0.03813204006703856
2001,CHN,0.035807107902875654
2001,CAN,0.05754180242902023
2001,NLD,0.03330554993777393
2001,ITA,0.025526948658686648
2001,BEL,0.02881780681813543
2001,HKG,0.030988074747486976
2001,MEX,0.04948719574212421
2001,KOR,0.026900654766646513
2001,ESP,0.023155773461445348
2001,SGP,0.022406709546203295
2001,CHE,0.022789869306595354
2001,SAU,0.014730701115546637
2001,MYS,0.018669151476400064
2001,AUT,0.02541612312218208
2001,RUS,0.012605949380921622
2001,SWE,0.01362650922520377
2001,THA,0.014420027762424646
2001,AUS,0.013511901447405307
2001,BRA,0.01947565308901055
2001,IRL,0.014919141333027935
2001,TWN,0.015556030035331219
2001,IND,0.009088772927186413
2001,DNK,0.013738427020261974
2001,IDN,0.013162253299516698
2001,NOR,0.009501521536943733
2002,USA,0.06478555506458093
2002,DEU,0.0474956199498877
2002,JPN,0.045512745817914514
2002,FRA,0.037365683845868636
2002,CHN,0.03909635911354946
2002,GBR,0.03690382637480111
2002,CAN,0.05578045729728117
2002,NLD,0.03330527185965326
2002,ITA,0.0258458687391819
2002,BEL,0.02968035750968041
2002,HKG,0.031199578311577925
2002,KOR,0.027135034087319668
2002,MEX,0.048267503576627256
2002,ESP,0.023793608538407555
2002,SGP,0.021490756059682314
2002,CHE,0.02285748323261584
2002,MYS,0.019070017143003326
2002,RUS,0.0132624707763806
2002,SAU,0.014128180402421569
2002,AUT,0.025962859232015464
2002,SWE,0.014038166411409219
2002,AUS,0.013843712861214151
2002,THA,0.014600629331839634
2002,IRL,0.015207209487583157
2002,IND,0.01045802188299551
2002,BRA,0.01787484004976631
2002,TWN,0.015947357640651406
2002,DNK,0.014617395476846094
2002,IDN,0.012089190065318375
2002,NOR,0.009300489068568537
2003,USA,0.06063061195206274
2003,DEU,0.047404929771765636
2003,CHN,0.040995634996969205
2003,JPN,0.04287535971836091
2003,FRA,0.03763362253731221
2003,GBR,0.035715925512502196
2003,NLD,0.03378516745388084
2003,ITA,0.025277625422030204
2003,CAN,0.052281813524334884
2003,BEL,0.030726037754475397
2003,HKG,0.03261371398562228
2003,ESP,0.025189737214343713
2003,KOR,0.026163669765845866
2003,MEX,0.04463161247267932
2003,SGP,0.020080602628974285
2003,RUS,0.014350439726877162
2003,SAU,0.01510102479845396
2003,CHE,0.022820194743871126
2003,MYS,0.017870250404470097
2003,AUT,0.026788152184305646
2003,SWE,0.014948522612565327
2003,THA,0.014523073968911445
2003,AUS,0.012738740764407529
2003,IND,0.010289051330122981
2003,IRL,0.01525027934222618
2003,TWN,0.0159060582141673
2003,BRA,0.015943927146160882
2003,DNK,0.014547568345325447
2003,IDN,0.012017084751647412
2003,POL,0.018471328775772212
2004,USA,0.05913491778462494
2004,DEU,0.04708062655357414
2004,CHN,0.04278695438701923
2004,JPN,0.041756096727214094
2004,FRA,0.036929752873983035
2004,GBR,0.034588592960371596
2004,NLD,0.033781411623306695
2004,ITA,0.024857829228644875
2004,CAN,0.05082464392344376
2004,BEL,0.030877357141626788
2004,HKG,0.03395250608728388
2004,KOR,0.02665919497676011
2004,ESP,0.02508713404246143
2004,MEX,0.04353674017516756
2004,SGP,0.01962713839235742
2004,RUS,0.015464107757112622
2004,SAU,0.015176016962703447
2004,CHE,0.022519874154173527
2004,AUT,0.027141473326801717
2004,MYS,0.01689576404881831
2004,SWE,0.015198273312624614
2004,THA,0.014725767479551349
2004,AUS,0.012908039097374258
2004,IND,0.010025022859929816
2004,TWN,0.017017148829307
2004,BRA,0.016152896307911592
2004,IRL,0.014037725543553549
2004,TUR,0.011670997512223408
2004,POL,0.01924200286280177
2004,IDN,0.01203789021487906
2005,USA,0.05752355140314926
2005,DEU,0.044550862339858006
2005,CHN,0.04390214408279524
2005,JPN,0.03988622793626704
2005,FRA,0.03446500277801207
2005,GBR,0.03243873322029815
2005,NLD,0.032415796723252684
2005,ITA,0.02307661500157007
2005,CAN,0.04953636654357638
2005,BEL,0.02950907966764501
2005,HKG,0.03480319683576846
2005,KOR,0.025317354267667607
2005,ESP,0.023760289851263203
2005,SGP,0.018498765931604245
2005,MEX,0.0422039853001343
2005,RUS,0.01679915826042651
2005,SAU,0.016928904333033314
2005,CHE,0.02098818140570205
2005,MYS,0.01652454738240556
2005,AUT,0.025564476415604637
2005,IND,0.011455903296297257
2005,SWE,0.014616516959738094
2005,THA,0.014397587824602487
2005,AUS,0.013454591766260352
2005,ARE,0.011715116325218685
2005,BRA,0.015878150124731434
2005,POL,0.019114410002445868
2005,TUR,0.010935034872300674
2005,TWN,0.015933665307668283
2005,IRL,0.013157586037421547
2006,USA,0.05634077342550397
2006,DEU,0.04390387399149536
2006,CHN,0.04479008664275045
2006,JPN,0.03840283290003798
2006,FRA,0.03373675486877232
2006,GBR,0.03185449223526566
2006,NLD,0.03216651169475301
2006,ITA,0.022484109432496877
2006,CAN,0.04787281916121646
2006,BEL,0.028666420111529034
2006,HKG,0.035508514928611325
2006,KOR,0.025064520927207852
2006,ESP,0.02262643044113699
2006,SGP,0.018930986798293716
2006,MEX,0.04163913374936479
2006,RUS,0.018125464937578363
2006,SAU,0.016775837765880593
2006,CHE,0.02100115019787541
2006,IND,0.011630797666329405
2006,MYS,0.016118247470007077
2006,AUT,0.025018510829492913
2006,THA,0.013282662323429997
2006,SWE,0.014051586587694904
2006,AUS,0.0126055481928987
2006,ARE,0.012464380981517002
2006,BRA,0.015817278259276094
2006,POL,0.0200255674273638
2006,TUR,0.010460633340062217
2006,IDN,0.010816475369735725
2006,CZE,0.01856973128819539
2007,USA,0.05362617843895531
2007,DEU,0.04360120138880003
2007,CHN,0.04446581925989788
2007,JPN,0.0361792683172489
2007,FRA,0.03309620067422005
2007,NLD,0.032301641965737274
2007,GBR,0.03071106483786936
2007,ITA,0.022803318377925794
2007,BEL,0.02873695496038751
2007,CAN,0.04543697509284125
2007,HKG,0.03538958801156416
2007,KOR,0.025358937255117064
2007,ESP,0.0231915691998498
2007,RUS,0.019081719384583928
2007,SGP,0.017789670193760827
2007,MEX,0.03929440658192099
2007,SAU,0.0159241814319515
2007,IND,0.012950152927273965
2007,CHE,0.021139706346500295
2007,MYS,0.013533099682068797
2007,AUT,0.025167798798013147
2007,SWE,0.0147299284713917
2007,POL,0.021262727078199158
2007,AUS,0.01235181613686353
2007,THA,0.01265644102947481
2007,BRA,0.01554741042796208
2007,ARE,0.011705857660653775
2007,TUR,0.010763443282853629
2007,CZE,0.01948559412921429
2007,IDN,0.010449608227046228
2008,USA,0.049370659970185596
2008,DEU,0.040854288534341
2008,CHN,0.042165683618649245
2008,JPN,0.03370009406990024
2008,FRA,0.031141998082163874
2008,NLD,0.031192076462206123
2008,GBR,0.027966042044329165
2008,ITA,0.02099837433769788
2008,BEL,0.02703495616611973
2008,CAN,0.041851114789730026
2008,KOR,0.025097207208035714
2008,HKG,0.0331773990704927
2008,RUS,0.01978343177016428
2008,ESP,0.020698808051483993
2008,SGP,0.016210681287992842
2008,SAU,0.0180439803818474
2008,MEX,0.03638066136875394
2008,IND,0.01271753596176161
2008,CHE,0.020239836316824588
2008,ARE,0.013432172149146507
2008,BRA,0.015664467838183045
2008,MYS,0.012025459082100747
2008,POL,0.020841107065858195
2008,AUS,0.013785769852330175
2008,AUT,0.023665777661246352
2008,THA,0.012081047459690733
2008,SWE,0.013156818419962382
2008,TUR,0.010040198722884842
2008,CZE,0.018915414312467477
2008,IDN,0.010755948875048908
2009,USA,0.051202950280676465
2009,CHN,0.047577116357809424
2009,DEU,0.04230133696064471
2009,JPN,0.03434932337565559
2009,FRA,0.03256132029242397
2009,NLD,0.032078347236079205
2009,GBR,0.028839394934897455
2009,ITA,0.021043969236792498
2009,BEL,0.02773804616068887
2009,HKG,0.03771178974561694
2009,KOR,0.02799988403975831
2009,CAN,0.04229507616306366
2009,ESP,0.020869705616944557
2009,SGP,0.0185733430023954
2009,MEX,0.03810061447591573
2009,IND,0.014560677695704896
2009,RUS,0.015226455484972543
2009,CHE,0.02185117564147233
2009,SAU,0.013978047426942001
2009,AUS,0.017319766913423133
2009,MYS,0.014362832747401662
2009,BRA,0.014860988580338018
2009,POL,0.02129791794442946
2009,AUT,0.02452132842785037
2009,THA,0.012299113552235123
2009,ARE,0.010055048862287832
2009,SWE,0.01268984652832934
2009,TUR,0.009661580730969671
2009,IDN,0.01046627703993509
2009,CZE,0.019582144473871823
2010,USA,0.050508941317854134
2010,CHN,0.04911441517171784
2010,DEU,0.04010852530647723
2010,JPN,0.03535560918780125
2010,FRA,0.02997744644883362
2010,NLD,0.030672842969337477
2010,GBR,0.0262764896115605
2010,ITA,0.019457641218710905
2010,KOR,0.029273790976784984
2010,HKG,0.03894398435865668
2010,BEL,0.025352192636931743
2010,CAN,0.04145652957160549
2010,SGP,0.018695864579464466
2010,ESP,0.018697440961342047
2010,IND,0.016763542807637984
2010,MEX,0.03792965233313114
2010,RUS,0.01655716183069796
2010,CHE,0.020405157978365503
2010,SAU,0.01503073291678845
2010,AUS,0.019579016728970746
2010,BRA,0.016057719186727062
2010,MYS,0.014712855635768993
2010,THA,0.013867260263367286
2010,ARE,0.010619319732175683
2010,POL,0.020228447220755567
2010,AUT,0.02281063408073363
2010,IDN,0.0121152479063649
2010,TUR,0.009812607723450871
2010,SWE,0.012163312820608339
2010,CZE,0.01862176678447205
2011,USA,0.048514932114708406
2011,CHN,0.04813455109577917
2011,DEU,0.039220557508219615
2011,JPN,0.034085218418804276
2011,NLD,0.029946075891371254
2011,FRA,0.029324153090906344
2011,GBR,0.02533998976492497
2011,KOR,0.028844062456945693
2011,ITA,0.01836375788748981
2011,HKG,0.03823238373018646
2011,BEL,0.024392476801594978
2011,CAN,0.039782383518019965
2011,IND,0.01680466169092227
2011,RUS,0.018521182139601845
2011,SGP,0.01802255850775206
2011,ESP,0.017601237464380037
2011,MEX,0.036771106827279645
2011,SAU,0.017672656489999928
2011,CHE,0.020436985543742885
2011,AUS,0.020817997864929164
2011,BRA,0.01731631491353946
2011,ARE,0.011532272401659771
2011,MYS,0.014521079587893912
2011,THA,0.01313321494768517
2011,IDN,0.013425980141322217
2011,POL,0.02001815847951683
2011,AUT,0.02222135801326732
2011,TUR,0.010276658016594935
2011,SWE,0.011938137655623526
2011,CZE,0.018583488730709252
2012,USA,0.050155643196949616
2012,CHN,0.04899774174350972
2012,DEU,0.037813319871142635
2012,JPN,0.03396920216521056
2012,NLD,0.029088905047686475
2012,FRA,0.02796191642919092
2012,GBR,0.0250079173875056
2012,HKG,0.039744548797129714
2012,KOR,0.028940407330428918
2012,CAN,0.04080831518230099
2012,ITA,0.016374326996631224
2012,BEL,0.022780008242082407
2012,RUS,0.02066587468634978
2012,IND,0.015825253412131833
2012,SGP,0.01867740914641095
2012,MEX,0.03809617737359852
2012,SAU,0.01928191008682172
2012,ESP,0.016046524928376254
2012,CHE,0.019696983640774955
2012,ARE,0.011992668479263542
2012,AUS,0.021237967384897027
2012,BRA,0.016991373106933532
2012,THA,0.014161538218324193
2012,MYS,0.015625222611419538
2012,IDN,0.013858641938429164
2012,TUR,0.009632037126196341
2012,POL,0.01871448894415329
2012,AUT,0.020795582139183623
2012,SWE,0.01071608065007508
2012,CZE,0.017602442686558084
2013,CHN,0.049662700667659126
2013,USA,0.05020262937648928
2013,DEU,0.03747205305679143
2013,JPN,0.03240058696042443
2013,NLD,0.0286107409285756
2013,FRA,0.027666451228068028
2013,HKG,0.04096132993489167
2013,GBR,0.024036344497126563
2013,KOR,0.02939728100127094
2013,ITA,0.016087701175912825
2013,CAN,0.0406954892772944
2013,BEL,0.022483322545162034
2013,RUS,0.020687731299430953
2013,SGP,0.019426932565555725
2013,IND,0.015380278712401796
2013,MEX,0.038181374905644855
2013,CHE,0.019347503477706272
2013,ESP,0.01612924454085089
2013,SAU,0.01802598774017877
2013,ARE,0.011615308991384238
2013,BRA,0.017416262231087297
2013,AUS,0.02233042296005827
2013,MYS,0.01690173177397678
2013,THA,0.013881646783016286
2013,POL,0.019042024896207363
2013,TUR,0.01013413701144877
2013,IDN,0.013985073615052539
2013,AUT,0.020645417717155203
2013,CZE,0.01747354947704119
2013,SWE,0.010383529529203035
2014,CHN,0.04958005829239321
2014,USA,0.05063718401973275
2014,DEU,0.03775725133774485
2014,JPN,0.03159207984420226
2014,NLD,0.02833363134339301
2014,FRA,0.02750636291433981
2014,GBR,0.02440772406739769
2014,HKG,0.040327739460300605
2014,KOR,0.029513078306527087
2014,CAN,0.04099266163322934
2014,ITA,0.015930430650207078
2014,BEL,0.0220571471230103
2014,RUS,0.019978764261961796
2014,MEX,0.038663870124648135
2014,SGP,0.019743075064678532
2014,IND,0.015565334020823841
2014,ESP,0.01654466557201097
2014,SAU,0.017247960405678168
2014,CHE,0.01892962601919
2014,ARE,0.01275596836507957
2014,MYS,0.016261137236278794
2014,AUS,0.021195903299355303
2014,BRA,0.016276190608738524
2014,THA,0.01342775708171061
2014,POL,0.01994983317377584
2014,TUR,0.009622169850137866
2014,IDN,0.013143063374911864
2014,AUT,0.020362623708721113
2014,CZE,0.018058582959847636
2014,VNM,0.016386847149757165
2015,CHN,0.05319107873009159
2015,USA,0.05487398007355309
2015,DEU,0.038666941191903635
2015,JPN,0.032503874666880664
2015,HKG,0.04346744277290687
2015,GBR,0.026897867752710643
2015,NLD,0.028350604919475154
2015,FRA,0.027435625724641876
2015,KOR,0.03145007171237114
2015,CAN,0.04319458458461284
2015,ITA,0.016756698841769207
2015,BEL,0.02145684054899901
2015,MEX,0.042075870123918016
2015,SGP,0.021408436518026912
2015,IND,0.016792485188394685
2015,ESP,0.017086596037118092
2015,CHE,0.01910757564586476
2015,RUS,0.016456776840540702
2015,ARE,0.012897671088299766
2015,SAU,0.014301531480784044
2015,THA,0.01533692148934356
2015,MYS,0.017060884448381358
2015,POL,0.02065926983744164
2015,AUS,0.020993734952696286
2015,BRA,0.01570520053318631
2015,VNM,0.01864895955001322
2015,TUR,0.010250262669428703
2015,AUT,0.02044112484144773
2015,IDN,0.013057921932837583
2015,CZE,0.018562961653472116
2016,USA,0.05536416373762908
2016,CHN,0.05326105305579899
2016,DEU,0.03989649862906673
2016,JPN,0.03356628122810278
2016,NLD,0.029057519753037137
2016,FRA,0.0282885718116152
2016,GBR,0.02710898856248219
2016,HKG,0.042737107467266486
2016,KOR,0.031261095651931324
2016,ITA,0.017854137329292693
2016,CAN,0.04341109644637505
2016,BEL,0.02222870409767013
2016,MEX,0.04267950520033954
2016,IND,0.017538950471944047
2016,ESP,0.018379968239605766
2016,SGP,0.02058631729516621
2016,CHE,0.020151383561143068
2016,RUS,0.016799360129795722
2016,POL,0.021829596173345303
2016,ARE,0.011686684376603206
2016,THA,0.015913467232912763
2016,VNM,0.019393999381176915
2016,AUS,0.021203208821830785
2016,MYS,0.016452757433923864
2016,SAU,0.013230118840095983
2016,TUR,0.010716567897173748
2016,BRA,0.01530510562009907
2016,AUT,0.021402325539978548
2016,CZE,0.0196635491316286
2016,IDN,0.013552210081432387
2017,CHN,0.05338392774218311
2017,USA,0.05459531663636074
2017,DEU,0.03964774042356535
2017,JPN,0.03339708061563488
2017,NLD,0.02923294008801419
2017,HKG,0.04246837744440821
2017,FRA,0.02753692248347361
2017,GBR,0.02556974440043658
2017,KOR,0.03147323943756741
2017,ITA,0.017807575009818614
2017,CAN,0.04266271780043406
2017,BEL,0.02210667359889577
2017,MEX,0.04193783479689071
2017,IND,0.0181985907948702
2017,SGP,0.020728618518713014
2017,ESP,0.01815436707622324
2017,RUS,0.01830590655451728
2017,CHE,0.019829748655535856
2017,POL,0.022026475975964833
2017,VNM,0.02125927252154761
2017,THA,0.015950560214855088
2017,AUS,0.02241617251494501
2017,ARE,0.010723540253552096
2017,MYS,0.01682609760438608
2017,BRA,0.01740165074894998
2017,TUR,0.010062038097821501
2017,SAU,0.011303117049931189
2017,CZE,0.01981767973086484
2017,AUT,0.02111521001435662
2017,IDN,0.0141099331142587
2018,CHN,0.05304019030993943
2018,USA,0.053828120354806844
2018,DEU,0.03932495726304781
2018,JPN,0.033127663938373096
2018,NLD,0.02922125669675855
2018,FRA,0.027002426866900242
2018,HKG,0.042081276195016414
2018,GBR,0.02542926749376016
2018,KOR,0.03168956396675914
2018,ITA,0.018042076727898718
2018,CAN,0.04189096352378185
2018,BEL,0.022153449795387217
2018,MEX,0.041618713416977544
2018,IND,0.018911436144093362
2018,SGP,0.019768621536858894
2018,ESP,0.01778892123723926
2018,RUS,0.019972498653282815
2018,CHE,0.01921060796522521
2018,POL,0.022281381059874292
2018,VNM,0.022003895245625692
2018,THA,0.015656216313572634
2018,AUS,0.022852324870283467
2018,MYS,0.01710249559973324
2018,ARE,0.01089666613182815
2018,BRA,0.01908795000060162
2018,SAU,0.01279586125480341
2018,TUR,0.009023389256214489
2018,CZE,0.019805621193442546
2018,AUT,0.02094321122419532
2018,IDN,0.015262391207739935
2019,CHN,0.05165903112191291
2019,USA,0.053024483828184914
2019,DEU,0.038902490970632024
2019,JPN,0.03295453759824371
2019,NLD,0.028682425272821017
2019,FRA,0.02637685147678852
2019,GBR,0.025657107590781856
2019,HKG,0.04103138967251924
2019,KOR,0.03055346440367182
2019,ITA,0.017840644283448646
2019,CAN,0.041659943260297136
2019,MEX,0.04160021831258078
2019,BEL,0.021726798141696892
2019,IND,0.01912386886181152
2019,SGP,0.02041183646443734
2019,ESP,0.017205786874369917
2019,RUS,0.020075494828087008
2019,CHE,0.01919865086496215
2019,VNM,0.023392865107021852
2019,POL,0.022126178271133407
2019,AUS,0.024481709447170333
2019,THA,0.01596381625567928
2019,MYS,0.017888700320198916
2019,ARE,0.011466881832909653
2019,BRA,0.01915069578802532
2019,SAU,0.015480247430428246
2019,TUR,0.008694778730635695
2019,CZE,0.019357669097732486
2019,AUT,0.020420229459008777
2019,IDN,0.01579259101052264
2020,CHN,0.05551355701856976
2020,USA,0.054141503639007646
2020,DEU,0.04007344235535005
2020,NLD,0.029255662929512892
2020,JPN,0.034204409378417164
2020,HKG,0.04376125656509953
2020,FRA,0.0261551340515728
2020,GBR,0.02446492044812222
2020,KOR,0.03228953757217347
2020,ITA,0.0174935509892636
2020,CAN,0.04128659332371695
2020,BEL,0.021949167226686044
2020,MEX,0.041474385927343316
2020,ESP,0.01705496412629114
2020,IND,0.018774646620240337
2020,CHE,0.02102822381496699
2020,SGP,0.020523321094667698
2020,RUS,0.020676637246945854
2020,VNM,0.02682299102336907
2020,POL,0.023593200144862127
2020,AUS,0.026057175258092907
2020,MYS,0.019927850246929793
2020,THA,0.01775365441492354
2020,BRA,0.02093753995855275
2020,TUR,0.00983714722166178
2020,ARE,0.011999683773637387
2020,CZE,0.019790838182198307
2020,AUT,0.020857034991795722
2020,SAU,0.014450676815143572
2020,IDN,0.016590908841045027
2021,CHN,0.05536155362090754
2021,USA,0.053458599607804504
2021,DEU,0.03893320913611586
2021,NLD,0.028716453728190816
2021,JPN,0.033083664253583736
2021,HKG,0.04404067419777104
2021,FRA,0.025070369730434267
2021,KOR,0.03241789728493601
2021,GBR,0.02214841818124085
2021,ITA,0.016974736870867254
2021,BEL,0.022397145813302603
2021,CAN,0.04098539825030042
2021,MEX,0.04073237116006335
2021,IND,0.02037834342327774
2021,SGP,0.02032663273360753
2021,ESP,0.016172240133605006
2021,RUS,0.021667051009486085
2021,CHE,0.01906566511889546
2021,POL,0.023121706730789005
2021,VNM,0.02604005651238132
2021,AUS,0.026182701503214254
2021,MYS,0.020584711999780757
2021,THA,0.018315597022157983
2021,BRA,0.02204242489104482
2021,ARE,0.013811890474120962
2021,TUR,0.008410071706324929
2021,IDN,0.01926288112624108
2021,CZE,0.01902638599320129
2021,SAU,0.015227980284723028
2021,AUT,0.02027175715280488
2022,CHN,0.05092270522035131
2022,USA,0.051916487305610395
2022,DEU,0.03672888887009097
2022,NLD,0.02807009427543782
2022,JPN,0.03010072513849893
2022,FRA,0.023267969637870815
2022,KOR,0.030185119956953936
2022,GBR,0.021427283973574567
2022,HKG,0.038960265407733626
2022,BEL,0.022407547503134933
2022,ITA,0.01725462956238432
2022,CAN,0.040792707238236865
2022,MEX,0.04049555581343556
2022,IND,0.020087376234311553
2022,SGP,0.020721285988214645
2022,ESP,0.014865008260826264
2022,RUS,0.023002727649161465
2022,VNM,0.024689097691308913
2022,CHE,0.018353237003045704
2022,POL,0.021517428370027805
2022,AUS,0.02432728779180178
2022,MYS,0.020455080334095356
2022,ARE,0.01587071743874016
2022,BRA,0.020972466758870142
2022,TUR,0.0090682873534914
2022,SAU,0.016486407321209484
2022,THA,0.017386587683885357
2022,IDN,0.019717522146425564
2022,CZE,0.017923763253497198
2022,AUT,0.019198340814508524
2023,CHN,0.049154712530864154
2023,USA,0.05136813398830204
2023,DEU,0.036248002038994406
2023,NLD,0.0273159016556636
2023,JPN,0.029068382726609693
2023,FRA,0.023697268064763306
2023,KOR,0.028180326225327828
2023,ITA,0.01794925819041503
2023,GBR,0.02182783552072186
2023,HKG,0.03764929125041597
2023,MEX,0.04076157425113484
2023,CAN,0.0404768782279665
2023,BEL,0.020923590837317232
2023,IND,0.019843992617278268
2023,ESP,0.01596234741214198
2023,SGP,0.020599071187133167
2023,CHE,0.017507465916945894
2023,POL,0.021858392047121436
2023,RUS,0.025876063525694767
2023,VNM,0.02445168277332128
2023,AUS,0.02487958333986668
2023,ARE,0.01552852472455494
2023,MYS,0.01947978038613985
2023,TUR,0.00918884729963404
2023,BRA,0.021905893535770344
2023,THA,0.017231575467373583
2023,SAU,0.015756244565921767
2023,IDN,0.019172355617903477
2023,CZE,0.018194763265820358
2023,AUT,0.01886720443500441
2024,CHN,0.04923304651977559
2024,USA,0.05129572750478642
2024,DEU,0.03531966535927065
2024,NLD,0.02639522669981212
2024,JPN,0.028483679739291893
2024,FRA,0.02269445059384398
2024,KOR,0.028057120259016275
2024,HKG,0.03844619942295023
2024,MEX,0.04097302997353424
2024,GBR,0.021728351275443727
2024,ITA,0.017495267021462632
2024,CAN,0.04004999234346637
2024,IND,0.019852700412852413
2024,BEL,0.019807335441826866
2024,SGP,0.020767571412709334
2024,ESP,0.015557379679317345
2024,VNM,0.02518960320787321
2024,CHE,0.017964641287967074
2024,POL,0.02135986977291685
2024,ARE,0.01611202462239023
2024,RUS,0.025792149214070456
2024,MYS,0.020132263888800482
2024,AUS,0.023267491303828155
2024,BRA,0.021803825237638887
2024,THA,0.017998571215157837
2024,TUR,0.008458836901104806
2024,IDN,0.019268531393158757
2024,SAU,0.015411408976100447
2024,CZE,0.01772652102140279
2024,AUT,0.01808717460816872
